asset,time,AdrActCnt,BlkSizeMeanByte,CapMrktCurUSD,CapRealUSD,FlowInExNtv,FlowInExNtv-status,FlowInExNtv-status-time,FlowOutExNtv,FlowOutExNtv-status,FlowOutExNtv-status-time,TxTfrValAdjNtv,NVT,MVRV,ExchNetFlow
eth,2025-01-08 00:00:00+00:00,528335.0,76650.05064174107,400668567586.948,322305058044.1016,530746.478009976,flash,2025-01-09T02:23:21.126247000Z,504955.79471886175,flash,2025-01-09T02:41:45.865633000Z,2433003.882228535,164680.611697155,1.2431345943448513,25790.683291114223
eth,2025-01-09 00:00:00+00:00,538508.0,77285.45327559714,387637416928.6903,320683939620.1556,455973.44268026575,flash,2025-01-10T02:13:42.957866000Z,499290.5504683493,flash,2025-01-10T02:31:55.287915000Z,2680213.0815234566,144629.3280190819,1.208783381505915,-43317.10778808355
eth,2025-01-10 00:00:00+00:00,549307.0,76535.49203688181,393961524359.5528,321342011200.42926,353733.60603493045,flash,2025-01-11T02:16:34.257510000Z,358511.88162489294,flash,2025-01-11T02:35:03.265923000Z,1890417.9677831724,208399.1641391019,1.2259882325620626,-4778.27558996249
eth,2025-01-11 00:00:00+00:00,578859.0,77777.22025139663,395969556180.51495,320615427061.1813,115379.84131617952,flash,2025-01-12T03:27:44.445420000Z,105958.5226004516,flash,2025-01-12T03:46:23.816018000Z,789151.1872997836,501766.4074426509,1.23502964224162,9421.318715727915
eth,2025-01-12 00:00:00+00:00,539823.0,72827.87590630227,392578579709.5509,319187311717.7396,226250.64264236685,flash,2025-01-13T02:45:29.481250000Z,207769.66062154705,flash,2025-01-13T03:04:25.997840000Z,1275413.7544018563,307804.88163518545,1.2299316586140236,18480.9820208198
eth,2025-01-13 00:00:00+00:00,554991.0,78366.13045302013,377518896911.6239,315338347327.9749,589425.2530497103,flash,2025-01-14T02:12:42.510798000Z,566002.8886996573,flash,2025-01-14T02:31:26.383105000Z,2767017.765093874,136435.29928649234,1.1971867681508988,23422.364350053016
eth,2025-01-14 00:00:00+00:00,599208.0,76389.7241861115,388783965974.7603,314754234378.30817,332115.4971458456,flash,2025-01-15T04:17:13.567173000Z,323732.6980240786,flash,2025-01-15T04:35:42.711753000Z,1800052.1955872383,215984.82917764824,1.235198524787675,8382.799121766991
eth,2025-01-15 00:00:00+00:00,570274.0,77841.67992741485,414631307191.7593,316798090696.0437,289504.07673188375,flash,2025-01-16T02:24:32.640547000Z,315200.09630855336,flash,2025-01-16T02:24:32.723119000Z,1661731.92874716,249517.56659352683,1.3088188324644388,-25696.01957666961
eth,2025-01-16 00:00:00+00:00,556504.0,78459.03725927994,398019117204.5365,314818493020.08307,443974.576478716,flash,2025-01-17T02:43:09.039781000Z,437749.4986273828,flash,2025-01-17T02:43:09.124624000Z,2193033.942855376,181492.4563758951,1.2642812478590508,6225.07785133319
eth,2025-01-17 00:00:00+00:00,545962.0,79029.4413571628,419205659818.7029,317569861242.6646,550800.1608900235,flash,2025-01-18T02:59:31.450324000Z,532067.1926198766,flash,2025-01-18T02:59:31.532833000Z,2489864.008843193,168364.88190914033,1.320042330775134,18732.96827014687
eth,2025-01-18 00:00:00+00:00,519864.0,80942.8667783829,398057734252.41455,315869357128.5695,412976.9946554369,flash,2025-01-19T03:18:10.007332000Z,373971.9113314927,flash,2025-01-19T03:18:10.089308000Z,2395591.031696935,166162.64169700423,1.2601973735945255,39005.08332394424
eth,2025-01-19 00:00:00+00:00,591559.0,80280.89832402233,386083988735.3412,314679346714.67975,523699.2035736084,flash,2025-01-20T02:59:43.470656000Z,549314.563125696,flash,2025-01-20T02:59:43.556606000Z,3083769.328333153,125198.72520556791,1.226912388010657,-25615.35955208761
eth,2025-01-20 00:00:00+00:00,629557.0,78497.78067484662,395886086566.6308,315120639866.1968,533828.151197938,flash,2025-01-21T02:40:55.525938000Z,501543.4015437383,flash,2025-01-21T03:08:54.048146000Z,3072089.313243981,128865.42225837627,1.2563000847381112,32284.74965419969
eth,2025-01-21 00:00:00+00:00,607071.0,76482.42757368347,400373649144.64526,315651906512.2632,576358.4726282388,flash,2025-01-22T03:55:47.384896000Z,589256.883470825,flash,2025-01-22T04:21:43.837430000Z,2907289.018220288,137713.74178331124,1.2684024423248357,-12898.410842586192
eth,2025-01-22 00:00:00+00:00,597537.0,76535.38557075075,390381491143.7904,315001347429.8384,495093.6776884849,flash,2025-01-23T03:47:38.652147000Z,425495.1000644952,flash,2025-01-23T04:13:48.489002000Z,2432988.005966388,160453.52060366204,1.2393010199130712,69598.57762398972
eth,2025-01-23 00:00:00+00:00,608180.0,78933.1726448011,401974417097.8328,316244335212.18945,545020.6138913808,flash,2025-01-24T03:20:43.111310000Z,505017.779093722,flash,2025-01-24T03:47:40.182764000Z,2730081.713591992,147238.96911091046,1.2710881187108738,40002.83479765884
eth,2025-01-24 00:00:00+00:00,630744.0,82329.98465401786,398916921924.6882,315620116954.0553,509608.316336768,flash,2025-01-25T03:15:04.068840000Z,484911.4262910756,flash,2025-01-25T03:41:05.318903000Z,2518775.26297787,158377.33829935308,1.2639147522486929,24696.890045692388
eth,2025-01-25 00:00:00+00:00,789004.0,80673.98855068415,400494578912.9483,316304192407.07874,335738.37023983826,flash,2025-01-26T03:12:29.825106000Z,321888.9886961913,flash,2025-01-26T03:38:32.947760000Z,1472778.6719531764,271931.2728652015,1.2661690503220324,13849.381543646974
eth,2025-01-26 00:00:00+00:00,608826.0,78038.39424822004,390565988392.6153,314749839323.411,162829.6533078282,flash,2025-01-27T02:29:44.172543000Z,155688.06578479052,flash,2025-01-27T02:57:20.606491000Z,1028124.7876177768,379881.8908914537,1.2408774829946834,7141.587523037684
eth,2025-01-27 00:00:00+00:00,554206.0,80176.93574017283,382072529629.23,312830509296.0653,574666.6658838143,flash,2025-01-28T02:03:06.013952000Z,591882.8622418531,flash,2025-01-28T02:03:25.221949000Z,3057891.0520764627,124946.4167043438,1.2213403689076676,-17216.19635803881
eth,2025-01-28 00:00:00+00:00,549777.0,79728.5742809271,370059573640.8847,310790421142.094,505097.2178570906,flash,2025-01-29T02:46:14.514933000Z,508634.36222549673,flash,2025-01-29T02:46:31.081615000Z,2754069.453639648,134368.27933000436,1.190704566379453,-3537.144368406094
eth,2025-01-29 00:00:00+00:00,544023.0,77032.95545314898,376446334509.3501,310584354466.687,283260.76530834805,flash,2025-01-30T02:36:11.010766000Z,281562.01455935615,flash,2025-01-30T02:36:27.561684000Z,1651204.0670075712,227982.9259332996,1.2120582672483826,1698.750748991908
eth,2025-01-30 00:00:00+00:00,543074.0,76448.6285235836,392379608742.7721,311915901166.9578,356455.87255423306,flash,2025-01-31T02:10:30.990723000Z,331532.864777236,flash,2025-01-31T02:10:47.359112000Z,1752330.6066004843,223918.70989686545,1.2579660327504265,24923.00777699705
eth,2025-01-31 00:00:00+00:00,539938.0,76920.46164594102,396818341582.0773,312836604699.40704,540968.8311403906,flash,2025-02-01T03:09:37.384048000Z,563268.1365711448,flash,2025-02-01T03:09:52.270852000Z,3167048.793703616,125295.93556341434,1.268452398540015,-22299.305430754204
eth,2025-02-01 00:00:00+00:00,533961.0,73733.4761904762,376015537831.2432,310337069710.00977,214886.7888928021,flash,2025-02-02T01:47:14.477604000Z,213745.04619128164,flash,2025-02-02T01:47:33.101109000Z,1314034.427889142,286153.4902363804,1.211635909891802,1141.742701520474
eth,2025-02-02 00:00:00+00:00,489399.0,76523.58694436679,342794289617.6172,305934802439.9516,457524.9306472741,flash,2025-02-03T03:33:38.681296000Z,342681.69098210486,flash,2025-02-03T03:33:54.370159000Z,2441300.0118243,140414.651192935,1.1204815107130557,114843.2396651692
eth,2025-02-03 00:00:00+00:00,500641.0,81512.17437473801,346807752144.3735,303772586602.1681,1415545.8761906524,flash,2025-02-04T03:02:14.597735000Z,1418927.1070477664,flash,2025-02-04T03:02:33.141226000Z,7896999.305196449,43916.39643632287,1.1416690229476365,-3381.2308571140748
eth,2025-02-04 00:00:00+00:00,567675.0,93609.6377743604,328257641598.03656,299554885564.2428,854932.9179069836,flash,2025-02-05T02:43:52.966632000Z,1002247.8083631088,flash,2025-02-05T02:44:13.919753000Z,4385344.12441413,74853.33699824318,1.0958180200590926,-147314.89045612514
eth,2025-02-05 00:00:00+00:00,605351.0,87082.5268667132,335163720818.1751,298212850027.24976,757878.3415332016,flash,2025-02-06T14:05:51.573424000Z,1113848.4279316168,flash,2025-02-06T14:21:30.798268000Z,3604005.2934904713,92997.56618658286,1.1239077081606272,-355970.08639841515
eth,2025-02-06 00:00:00+00:00,659801.0,86047.3484510187,323632444232.1868,294726210914.13727,537435.2103979472,flash,2025-02-07T01:36:53.167363000Z,518586.4690858355,flash,2025-02-07T01:37:11.214856000Z,2769652.004119064,116849.49724762398,1.0980782578800594,18848.741312111728
eth,2025-02-07 00:00:00+00:00,662264.0,86797.53940577486,314939139743.604,291660440688.39984,418031.07657570107,flash,2025-02-08T02:36:47.468093000Z,616190.5782840136,flash,2025-02-08T02:37:07.062583000Z,2661702.2883596737,118322.45143302312,1.0798143862097305,-198159.50170831248
eth,2025-02-08 00:00:00+00:00,700649.0,76432.14040234702,317863202550.45166,289750866664.2394,647831.4380746407,flash,2025-02-09T03:40:02.942635000Z,621436.0546703151,flash,2025-02-09T03:40:21.038420000Z,2489535.2878568587,127679.733683987,1.097022439345414,26395.383404325577
eth,2025-02-09 00:00:00+00:00,646027.0,83823.32840195394,316216455634.73627,287624126346.01263,526647.9772052983,flash,2025-02-10T03:04:47.643675000Z,479297.54398456967,flash,2025-02-10T03:05:05.363817000Z,2090705.8344102,151248.65986894935,1.0994086610603973,47350.43322072859
eth,2025-02-10 00:00:00+00:00,711876.0,87602.19352136273,320507650890.22095,286153710493.42206,318977.1889267,flash,2025-02-11T03:31:27.117383000Z,422823.035799624,flash,2025-02-11T03:31:49.116816000Z,2207186.9553676527,145210.92112780892,1.120054149700039,-103845.846872924
eth,2025-02-11 00:00:00+00:00,612087.0,91790.80337941628,313881271560.9803,284148207203.2049,329766.77466516866,flash,2025-02-12T03:20:24.592748000Z,444565.42072003504,flash,2025-02-12T03:20:40.650598000Z,2361342.5405392824,132924.92138361942,1.104639281910064,-114798.64605486636
eth,2025-02-12 00:00:00+00:00,613684.0,90256.06470175438,330121807511.74896,285194893421.52673,512011.2646468144,flash,2025-02-13T02:36:05.995502000Z,425449.8267619336,flash,2025-02-13T02:36:27.767424000Z,2476151.4677606854,133320.522516458,1.1575305698893383,86561.43788488075
eth,2025-02-13 00:00:00+00:00,627574.0,87649.70668905681,322445541799.0301,284016632627.4375,407672.57628061326,flash,2025-02-14T03:51:15.965032000Z,394670.7564658126,flash,2025-02-14T03:51:40.035011000Z,2266308.226290644,142277.88526664328,1.135305136238279,13001.819814800634
eth,2025-02-14 00:00:00+00:00,666254.0,89279.44177890012,328499961069.78186,284353482833.1125,462491.8224003343,flash,2025-02-15T04:10:15.670687000Z,450828.6018821213,flash,2025-02-15T04:10:39.741669000Z,2397209.835313874,137034.29555084,1.155252110144116,11663.220518212998
eth,2025-02-15 00:00:00+00:00,668614.0,89138.16000560932,324786760761.21564,283797933066.31,153030.8008980165,flash,2025-02-16T01:44:34.286761000Z,144913.0683575934,flash,2025-02-16T01:44:55.601170000Z,1076270.3598424636,301770.6079063215,1.1444296202302802,8117.73254042308
eth,2025-02-16 00:00:00+00:00,685798.0,84750.60366792664,320916873534.66345,283655452683.7201,174559.20681751292,flash,2025-02-17T02:53:00.548691000Z,152944.77961816711,flash,2025-02-17T02:53:17.860557000Z,1062468.4474418417,302048.38017293694,1.1313615532449866,21614.42719934581
eth,2025-02-17 00:00:00+00:00,675569.0,87561.84308510639,330723718540.91187,284983519255.2601,211504.92221549983,flash,2025-02-18T04:36:27.650566000Z,302329.0704372153,flash,2025-02-18T04:36:27.635723000Z,1817972.9256005115,181918.94603252545,1.1605012086494806,-90824.1482217155
eth,2025-02-18 00:00:00+00:00,606517.0,92344.49001536098,321536880792.8243,284243383474.1194,349667.639029471,flash,2025-02-19T03:04:48.497986000Z,382019.8541225504,flash,2025-02-19T03:04:48.472053000Z,2624446.1054562214,122516.09210962625,1.1312026927870442,-32352.21509307932
eth,2025-02-19 00:00:00+00:00,639839.0,83213.36900936146,327699057250.8048,285097879830.6147,309950.995383648,flash,2025-02-20T02:21:52.492460000Z,298616.04928144097,flash,2025-02-20T02:56:51.932756000Z,1714583.777487896,191124.552531886,1.1494264967719183,11334.946102207005
eth,2025-02-20 00:00:00+00:00,685150.0,84446.70383861025,330422334011.6877,285666128152.9419,295833.6839494508,flash,2025-02-21T02:57:41.595189000Z,318625.4566304812,flash,2025-02-21T03:34:31.624514000Z,1697318.8118374448,194673.1113254949,1.156673127990813,-22791.772681030445
eth,2025-02-21 00:00:00+00:00,656153.0,90095.56073722424,320183486526.4595,284400816258.3076,618582.5189274928,flash,2025-02-22T03:21:52.277740000Z,1012384.0478825012,flash,2025-02-22T03:58:29.735260000Z,4720200.17915328,67832.60759586994,1.1258177481306952,-393801.5289550084
eth,2025-02-22 00:00:00+00:00,652109.0,78401.6176100629,333526767533.7199,285912242727.5719,511670.373723122,flash,2025-02-23T02:19:09.514379000Z,469429.09519625927,flash,2025-02-23T02:54:46.125023000Z,2613616.3567192387,127611.21833212808,1.1665354528085632,42241.278526862734
eth,2025-02-23 00:00:00+00:00,673471.0,79478.46680642907,340225314004.08704,287015470012.13885,440790.0858782353,flash,2025-02-24T03:14:34.816785000Z,279388.7053683156,flash,2025-02-24T03:50:44.979644000Z,2228825.790728607,152647.78226245614,1.1853901602923973,161401.38050991966
eth,2025-02-24 00:00:00+00:00,653722.0,89658.01145891559,303775975262.47534,282589975424.19226,549813.2471340396,flash,2025-02-25T02:32:46.419625000Z,537553.4473451717,flash,2025-02-25T03:10:36.926651000Z,3283078.755507309,92527.77587284382,1.0749708117086638,12259.799788867938
eth,2025-02-25 00:00:00+00:00,599245.0,95200.47255969836,301355244097.82874,281086196590.4852,1019235.963545414,flash,2025-02-26T03:05:41.671152000Z,999241.108519035,flash,2025-02-26T03:42:03.567527000Z,5162851.007514041,58369.9284870384,1.072109722046841,19994.855026378995
eth,2025-02-26 00:00:00+00:00,634182.0,96131.00934970696,280990640200.25354,276903946253.6118,545260.3211337137,flash,2025-02-27T02:25:45.191324000Z,531285.6049189016,flash,2025-02-27T03:04:31.000187000Z,3631434.5381347006,77377.31115609904,1.0147585254812468,13974.716214812128
eth,2025-02-27 00:00:00+00:00,628254.0,101551.9834076966,277146095106.22253,274866339484.0771,673338.6104917217,flash,2025-02-28T03:31:34.215379000Z,616521.7036287881,flash,2025-02-28T04:09:48.174813000Z,3400201.6332806014,81508.72359849581,1.0082940516704393,56816.90686293354
eth,2025-02-28 00:00:00+00:00,572524.0,105001.44847301632,268883693070.15475,272070249465.46445,875139.5147354925,flash,2025-03-01T03:14:35.280138000Z,822841.1636793616,flash,2025-03-01T03:51:20.013634000Z,4758753.168431202,56502.97116771797,0.9882877440603288,52298.35105613095
eth,2025-03-01 00:00:00+00:00,581077.0,121176.51401478176,266359986058.0892,269250577177.8289,318782.63909404824,flash,2025-03-02T02:39:11.931057000Z,287179.1987109593,flash,2025-03-02T03:13:51.351857000Z,2157984.554000929,123429.97801548424,0.9892643085484248,31603.44038308895
eth,2025-03-02 00:00:00+00:00,634334.0,77559.77903248291,303793416355.32654,272134197271.17395,483397.5782215674,flash,2025-03-03T01:28:36.899859000Z,415813.0707187165,flash,2025-03-03T02:03:17.437775000Z,3105980.173230724,97809.19368823017,1.116336790457118,67584.50750285084
eth,2025-03-03 00:00:00+00:00,600837.0,100547.4432658758,259694900722.5667,265503611243.35544,664407.6800671075,flash,2025-03-04T03:34:06.623926000Z,620933.8921377567,flash,2025-03-04T03:49:23.150132000Z,4246595.111814623,61153.67580018615,0.9781219152026353,43473.78792935086
eth,2025-03-04 00:00:00+00:00,581765.0,100817.90273513817,261685394082.7408,263293055171.53983,770413.6531330525,flash,2025-03-05T02:16:51.077384000Z,721520.09830476,flash,2025-03-05T02:16:51.096263000Z,3950236.3532736674,66245.50297246773,0.9938940239507966,48893.554828292574
eth,2025-03-05 00:00:00+00:00,648492.0,90550.04579726332,270253298998.35315,263067316625.46347,395721.1222829984,flash,2025-03-06T04:10:24.012756000Z,441954.6284717528,flash,2025-03-06T04:10:24.030531000Z,2365304.2266930933,114257.31030641728,1.0273161351439204,-46233.5061887544
eth,2025-03-06 00:00:00+00:00,650999.0,96508.14515227715,266070170286.79205,261463849271.1348,453525.1624970443,flash,2025-03-07T04:23:00.397917000Z,446913.7639580825,flash,2025-03-07T04:23:00.418938000Z,2299857.9861290846,115689.8260203525,1.017617429822509,6611.398538961774
eth,2025-03-07 00:00:00+00:00,584152.0,99952.22035794184,257441262698.58096,259117797677.56604,551672.7435665975,flash,2025-03-08T05:21:05.756000000Z,968822.2013163728,flash,2025-03-08T05:21:05.777406000Z,3339015.510766262,77100.9484288084,0.9935298347160572,-417149.4577497754
eth,2025-03-08 00:00:00+00:00,614600.0,90519.6163310962,265286477212.4575,259413336049.79047,177987.7505398807,flash,2025-03-09T03:56:45.208516000Z,207985.73787940264,flash,2025-03-09T03:56:45.228705000Z,1179743.9857659703,224867.8360841275,1.0226400895655563,-29997.987339521933
eth,2025-03-09 00:00:00+00:00,616335.0,98527.74832402234,243094656904.62448,256341522880.7832,270213.46918474714,flash,2025-03-10T03:51:17.225139000Z,237099.06670794947,flash,2025-03-10T03:51:17.242760000Z,1737610.1036174693,139901.72847092352,0.9483233702160714,33114.402476797666
eth,2025-03-10 00:00:00+00:00,573333.0,117404.53416235853,226696882004.85568,252843142259.35104,811859.2580070964,flash,2025-03-11T03:52:33.467743000Z,738874.4796875223,flash,2025-03-11T03:52:33.490623000Z,4749898.975222308,47726.67443821701,0.8965909851425746,72984.77831957408
eth,2025-03-11 00:00:00+00:00,560914.0,113420.57775604304,231925855926.55225,250787499094.9437,659985.6585872457,flash,2025-03-12T05:32:53.118026000Z,634935.8300458523,flash,2025-03-12T05:32:53.138750000Z,3927665.489549084,59049.289340874726,0.9247903374910614,25049.82854139339
eth,2025-03-12 00:00:00+00:00,586370.0,97465.4684357542,229941295347.69888,249276723281.32428,519069.95874264016,flash,2025-03-13T04:15:18.942392000Z,494833.5238419436,flash,2025-03-13T04:15:18.963764000Z,3173040.3022823343,72467.18397566666,0.9224338811939364,24236.434900696564
eth,2025-03-13 00:00:00+00:00,607478.0,87732.94043799693,224760702915.82736,247277705089.6435,407249.8504353796,flash,2025-03-14T03:52:48.606375000Z,391325.9939307786,flash,2025-03-14T03:52:48.626468000Z,2420925.004782855,92840.83665201651,0.9089404272590882,15923.85650460096
eth,2025-03-14 00:00:00+00:00,624019.0,87186.97723463687,230937974987.02933,246640279016.51807,363987.6971998901,flash,2025-03-15T02:45:28.916052000Z,377423.7145631937,flash,2025-03-15T02:45:28.935373000Z,1898301.528566888,121655.05401103196,0.9363352000244975,-13436.017363303632
eth,2025-03-15 00:00:00+00:00,699041.0,67579.4479006835,233950825948.3177,245850502234.84784,130688.559445461,flash,2025-03-16T02:50:13.866601000Z,163432.6599650325,flash,2025-03-16T02:50:13.886576000Z,1115560.8768236672,209715.87549255503,0.951597917521588,-32744.10051957151
eth,2025-03-16 00:00:00+00:00,616135.0,80954.69375785504,227328411775.82687,243861230129.86896,129483.96345503128,flash,2025-03-17T03:04:57.477050000Z,117348.75338340511,flash,2025-03-17T03:04:57.496282000Z,1092774.7622418068,208028.607203068,0.9322039901740942,12135.210071626165
eth,2025-03-17 00:00:00+00:00,616869.0,86295.55131964809,232541048085.54224,243324434949.60767,406092.44570085086,flash,2025-03-18T04:27:33.034526000Z,385928.4655367612,flash,2025-03-18T04:27:33.054621000Z,2235716.5172124286,104011.86657397992,0.955683090905775,20163.980164089648
eth,2025-03-18 00:00:00+00:00,621708.0,89415.71344702264,232863687031.27032,242703232360.3979,395751.7943041959,flash,2025-03-19T04:01:33.648431000Z,352302.0981487117,flash,2025-03-19T04:01:33.666269000Z,2622839.615170743,88783.0447902211,0.959458531996325,43449.69615548418
eth,2025-03-19 00:00:00+00:00,615315.0,94991.1032411288,248122387915.36484,244769159408.97992,481490.473203939,flash,2025-03-20T03:18:20.890135000Z,602054.8917721584,flash,2025-03-20T03:18:20.909812000Z,2878341.603387021,86203.24551588757,1.013699554774309,-120564.41856821948
eth,2025-03-20 00:00:00+00:00,629660.0,91541.39667690588,238626717826.22784,244231919419.9084,500739.1516090626,flash,2025-03-21T03:44:40.859200000Z,614919.1017833373,flash,2025-03-21T03:44:40.880346000Z,2281099.4690091875,104610.39558694788,0.9770496763609204,-114179.95017427468
eth,2025-03-21 00:00:00+00:00,653476.0,81777.13475473801,237172166228.5624,244105551821.9705,280536.8780358136,flash,2025-03-22T03:13:08.982121000Z,540221.6516713855,flash,2025-03-22T03:13:09.001620000Z,1840256.864906322,128879.92472759265,0.9715967722091602,-259684.77363557188
eth,2025-03-22 00:00:00+00:00,688574.0,70004.46261160713,238700423188.6992,244428730374.98325,163006.53139784365,flash,2025-03-23T03:31:35.485733000Z,137821.9625560288,flash,2025-03-23T03:31:35.507369000Z,1034120.3128480233,230824.6151081834,0.9765645095095976,25184.56884181485
eth,2025-03-23 00:00:00+00:00,644387.0,78916.36795872838,241015835532.71927,244893427843.61737,151838.04185972604,flash,2025-03-24T02:29:48.395662000Z,149590.79463942812,flash,2025-03-24T02:29:48.413506000Z,923843.3349933056,260883.8819348799,0.9841662050915706,2247.247220297926
eth,2025-03-24 00:00:00+00:00,567021.0,119469.90008372872,250192522606.424,246247332472.9708,425845.3664625381,flash,2025-03-25T03:21:54.448465000Z,438748.7946301041,flash,2025-03-25T03:21:54.468648000Z,2185594.1336302245,114473.45998813587,1.0160212502358226,-12903.428167566017
eth,2025-03-25 00:00:00+00:00,599874.0,100771.42517482516,249135726710.16968,246785600882.0897,257315.29907833604,flash,2025-03-26T05:11:23.839305000Z,262413.6894469225,flash,2025-03-26T05:11:23.864308000Z,1609792.172253562,154762.66502240623,1.0095229455028163,-5098.390368586464
eth,2025-03-26 00:00:00+00:00,625606.0,100293.09754738017,241941513301.14886,246235674895.8249,306625.2252490317,flash,2025-03-27T02:18:11.114142000Z,330563.1773962295,flash,2025-03-27T02:18:11.142417000Z,1930389.7535891568,125332.9866941684,0.9825607658334125,-23937.95214719785
eth,2025-03-27 00:00:00+00:00,604866.0,99174.96244065904,241697811513.93155,246146135420.1318,295077.1136097568,flash,2025-03-28T04:15:40.336787000Z,367976.01628083695,flash,2025-03-28T04:15:40.358371000Z,1675473.0740570305,144256.45822446953,0.9819281180319664,-72898.90267108014
eth,2025-03-28 00:00:00+00:00,565035.0,104578.67765363128,228752072541.91656,244345990781.16336,527455.9947346774,flash,2025-03-29T01:50:39.168169000Z,561034.5264679802,flash,2025-03-29T02:28:32.282144000Z,2935177.405081204,77934.66662216553,0.9361809940511252,-33578.531733302865
eth,2025-03-29 00:00:00+00:00,538941.0,97750.2022927443,220018393101.96564,242885503887.41147,176511.8274331876,flash,2025-03-30T03:26:19.676301000Z,168974.13741811825,flash,2025-03-30T04:03:42.309251000Z,1180929.3439675467,186309.53174791465,0.9058523031656688,7537.690015069355
eth,2025-03-30 00:00:00+00:00,573805.0,92640.42616092596,217513615604.0632,241887518906.90903,138511.31430570316,flash,2025-03-31T02:18:36.993936000Z,123597.97216406734,flash,2025-03-31T02:55:55.073873000Z,965594.8440349456,225263.85362118945,0.8992345557431337,14913.342141635818
eth,2025-03-31 00:00:00+00:00,534039.0,104594.62580284836,220008878869.03503,241174439993.32736,452318.08851591113,flash,2025-04-01T02:13:18.517187000Z,433775.2855110994,flash,2025-04-01T02:50:53.915322000Z,2603194.326946809,84514.96555275432,0.9122396174118704,18542.803004811693
eth,2025-04-01 00:00:00+00:00,545849.0,109452.20167480808,230250220602.3688,241746361742.9252,357290.0613068261,flash,2025-04-02T03:20:32.846007000Z,312024.2122237045,flash,2025-04-02T03:58:26.941182000Z,2047703.5951169604,112443.1393056266,0.9524454429937544,45265.849083121575
eth,2025-04-02 00:00:00+00:00,535608.0,106711.80027894002,216644974251.25656,239334886211.68283,346484.6533172028,flash,2025-04-03T03:28:14.695008000Z,399635.2808007893,flash,2025-04-03T03:13:04.853896000Z,1910566.6120235247,113393.04941679208,0.9051959690474966,-53150.62748358655
eth,2025-04-03 00:00:00+00:00,567408.0,98692.71412603043,218828797687.0016,238234505072.4568,376488.6430161333,flash,2025-04-04T05:22:30.272003000Z,413324.96211090765,flash,2025-04-04T05:07:13.749243000Z,2164355.8680768143,101105.7381619256,0.9185436745212324,-36836.31909477431
eth,2025-04-04 00:00:00+00:00,578300.0,80511.59375435661,218766622588.13687,237013809035.33765,294701.61263960786,flash,2025-04-05T02:54:16.689059000Z,346586.9110253185,flash,2025-04-05T02:39:06.029332000Z,1906934.68325879,114721.61291559458,0.923012137894125,-51885.29838571063
eth,2025-04-05 00:00:00+00:00,650544.0,65555.06782268215,217561846864.7088,236148897850.8505,163205.8566719328,flash,2025-04-06T02:51:43.929202000Z,132716.990944255,flash,2025-04-06T02:35:31.083670000Z,929396.9241087552,234089.2693112145,0.9212909687265144,30488.8657276778
eth,2025-04-06 00:00:00+00:00,567708.0,81732.89965059399,189344069995.81943,231737898905.28195,430825.2102685508,flash,2025-04-07T03:15:15.099404000Z,396915.7575334369,flash,2025-04-07T02:58:57.274689000Z,2729601.3005813486,69366.93280278445,0.8170613045611925,33909.45273511391
eth,2025-04-07 00:00:00+00:00,634899.0,95275.30573426573,188277532767.91992,229777798483.43665,846389.9932277491,flash,2025-04-08T03:57:38.564390000Z,871227.463040592,flash,2025-04-08T03:56:35.113918000Z,5472752.867922024,34402.71053924054,0.8193895755402659,-24837.4698128429
eth,2025-04-08 00:00:00+00:00,651117.0,89117.1782675408,177523540140.3257,225719206809.57623,476690.18014604365,flash,2025-04-09T03:47:38.457703000Z,476135.8051473124,flash,2025-04-09T03:46:30.697758000Z,2908092.4039218226,61044.6696607437,0.7864795497446972,554.3749987312476
eth,2025-04-09 00:00:00+00:00,638161.0,93151.5889245362,200674799594.6252,226897700046.15594,583145.7280236946,flash,2025-04-10T02:57:35.285740000Z,574183.8339510793,flash,2025-04-10T02:56:29.299872000Z,3914727.57751732,51261.49792571036,0.8844285312447133,8961.894072615309
eth,2025-04-10 00:00:00+00:00,547468.0,87902.54409920578,183706170452.66025,223860649349.8355,583144.8944347132,flash,2025-04-11T03:18:56.910066000Z,603402.2372364146,flash,2025-04-11T03:33:38.678218000Z,2923238.9577963,62843.36419460836,0.8206273455661055,-20257.3428017014
eth,2025-04-11 00:00:00+00:00,520203.0,84962.11552396878,188935722361.92105,223055101372.18408,339133.1196622292,flash,2025-04-12T02:24:01.852260000Z,322409.3669559862,flash,2025-04-12T02:38:53.761783000Z,2410325.801529208,78385.96850353283,0.8470360964606126,16723.752706243016
eth,2025-04-12 00:00:00+00:00,549318.0,78944.78013097393,198700550078.46585,222965639979.9762,151546.365002371,flash,2025-04-13T02:12:51.514378000Z,152174.38803712904,flash,2025-04-13T02:27:52.536817000Z,1430529.2644737917,138900.02463637554,0.8911711692272876,-628.0230347580509
eth,2025-04-13 00:00:00+00:00,569981.0,74241.32678372352,192291583195.86148,221673836804.9072,260362.8936721921,flash,2025-04-14T02:03:25.489043000Z,231269.1393141609,flash,2025-04-14T02:18:04.836301000Z,1557744.0434842247,123442.34856822858,0.8674527673967013,29093.754358031263
eth,2025-04-14 00:00:00+00:00,561545.0,84065.73409598214,195933108303.61423,221040265301.61145,480771.06262746017,flash,2025-04-15T03:49:07.665500000Z,456323.7275843097,flash,2025-04-15T04:03:42.784459000Z,2729998.9727758137,71770.39634721656,0.8864136497314719,24447.335043150462
eth,2025-04-15 00:00:00+00:00,583041.0,84051.63090248672,191996735545.15848,220498161203.32675,352542.4956546527,flash,2025-04-16T03:24:09.133201000Z,369497.9717908012,flash,2025-04-16T03:38:44.080698000Z,2197073.241671268,87387.49892521132,0.8707407558293132,-16955.4761361485
eth,2025-04-16 00:00:00+00:00,607438.0,87881.91660856226,190426695584.88,219775218209.1948,416228.1161491852,flash,2025-04-17T03:30:08.120608000Z,395272.6192443724,flash,2025-04-17T03:44:39.672994000Z,2153184.276641355,88439.57187069801,0.866461183096726,20955.49690481281
eth,2025-04-17 00:00:00+00:00,602395.0,104414.53693618208,191252264734.0799,219830198439.09543,391693.4404584045,flash,2025-04-18T04:41:45.657661000Z,411434.61132854805,flash,2025-04-18T04:56:06.903666000Z,2008631.7532764943,95215.19532990945,0.8699999640270846,-19741.17087014352
eth,2025-04-18 00:00:00+00:00,602813.0,92524.78504672895,191812122974.97327,219783489611.25125,171343.7424017073,flash,2025-04-19T03:29:33.308336000Z,199415.0741305312,flash,2025-04-19T03:44:20.884054000Z,1420852.8811270196,134997.87734732113,0.8727321752614212,-28071.33172882389
eth,2025-04-19 00:00:00+00:00,698864.0,70461.73545416493,194904571012.9758,220180092132.62595,263312.1499231899,flash,2025-04-20T02:20:57.591472000Z,267496.97001340333,flash,2025-04-20T02:35:31.723478000Z,1333507.7203391285,146159.31204613423,0.8852052386987586,-4184.820090213441
eth,2025-04-20 00:00:00+00:00,680519.0,65435.834008662845,191350438562.0888,219943638945.09048,304532.35992017767,flash,2025-04-21T02:53:28.022619000Z,308357.9352616401,flash,2025-04-21T03:08:18.732985000Z,1330674.2564686008,143799.60958281602,0.8699976024760596,-3825.5753414624487
eth,2025-04-21 00:00:00+00:00,577103.0,80537.22140066963,190351179684.22324,219563077810.8244,462774.573508774,flash,2025-04-22T02:20:59.054614000Z,405988.2389414841,flash,2025-04-22T02:35:19.865963000Z,2625601.364528868,72498.12643145828,0.8669544150234123,56786.33456728992
eth,2025-04-22 00:00:00+00:00,578892.0,94509.2129410124,212207109424.7628,222277289326.1644,768465.5089259605,flash,2025-04-23T03:47:10.375712000Z,747066.5338295746,flash,2025-04-23T03:47:10.537360000Z,4130666.454680896,51373.57657728295,0.9546954170085056,21398.97509638593
eth,2025-04-23 00:00:00+00:00,560731.0,122978.43285873812,217017943850.0821,223442502048.65408,725893.5638126825,flash,2025-04-24T04:01:01.026626000Z,693199.1109036789,flash,2025-04-24T04:01:01.190515000Z,3241079.422988088,66958.53927886904,0.971247376216844,32694.4529090036
eth,2025-04-24 00:00:00+00:00,513039.0,96266.30612244898,213600137073.14145,223641705195.86777,597143.510696836,flash,2025-04-25T03:28:10.326413000Z,515676.9717012949,flash,2025-04-25T03:28:10.489252000Z,2889016.016805486,73935.25540551647,0.9550997515694498,81466.53899554117
eth,2025-04-25 00:00:00+00:00,576170.0,99373.99609647288,216029488661.9077,224703023984.2385,520793.33937956527,flash,2025-04-26T02:54:44.045459000Z,557539.8856603244,flash,2025-04-26T02:54:44.217739000Z,2783256.966793536,77617.51474596524,0.9614000062458476,-36746.546280759096
eth,2025-04-26 00:00:00+00:00,599602.0,94993.88060741151,219714001358.067,225909382418.1356,189621.7870399996,flash,2025-04-27T02:17:00.772173000Z,241233.3023390406,flash,2025-04-27T02:17:00.923812000Z,2084496.3085872328,105403.88124120887,0.9725758133913998,-51611.515299041
eth,2025-04-27 00:00:00+00:00,582298.0,81474.03370473538,216501368630.8668,226387932961.96808,156760.54440525125,flash,2025-04-28T02:15:25.382967000Z,156507.02871515788,flash,2025-04-28T02:15:25.537756000Z,2033595.9323860183,106462.33363421696,0.956329101989892,253.5156900933653
eth,2025-04-28 00:00:00+00:00,563618.0,95050.95167597765,217289158774.17047,227079728772.25244,596998.4986634555,flash,2025-04-29T04:32:15.967686000Z,629092.6844344969,flash,2025-04-29T04:32:16.158972000Z,2986652.4085032744,72753.4138741851,0.9568848789320982,-32094.18577104144
eth,2025-04-29 00:00:00+00:00,570943.0,93180.29390380312,216455613837.3756,227764415548.4924,481958.166298908,flash,2025-04-30T04:03:10.492834000Z,511777.544810059,flash,2025-04-30T04:03:10.643163000Z,2490754.4867357146,86903.63301163973,0.9503486895269246,-29819.378511151008
eth,2025-04-30 00:00:00+00:00,602015.0,93066.63894722104,216742122366.39664,228475881238.00644,369050.75096413377,flash,2025-05-01T02:27:20.432693000Z,371379.60690838704,flash,2025-05-01T02:27:20.589600000Z,1943893.8837273333,111498.94764358376,0.948643336845754,-2328.8559442532714
eth,2025-05-01 00:00:00+00:00,584302.0,95013.17566241413,221928666236.7796,229610398448.85736,328020.2364376337,flash,2025-05-02T05:23:31.800558000Z,388547.8595883615,flash,2025-05-02T05:23:32.239437000Z,1875086.981801232,118356.4647350877,0.9665444933505972,-60527.62315072777
eth,2025-05-02 00:00:00+00:00,614894.0,84771.19179429536,222308298975.2047,229936878951.45895,335375.797169956,flash,2025-05-03T03:35:20.321560000Z,317645.66716097144,flash,2025-05-03T03:35:20.647769000Z,1659139.6218248464,133990.1091209511,0.9668231559415718,17730.13000898453
eth,2025-05-03 00:00:00+00:00,669340.0,68899.0163659253,221603876059.1268,230046783017.76132,97070.47507673025,flash,2025-05-04T02:15:07.772544000Z,110755.9341199725,flash,2025-05-04T02:15:08.138610000Z,744123.2864140555,297805.3235332013,0.9632991739859164,-13685.459043242256
eth,2025-05-04 00:00:00+00:00,604025.0,74749.09350904246,218448831118.08948,229875476798.7609,209512.5249544673,flash,2025-05-05T02:48:05.347339000Z,153279.408803096,flash,2025-05-05T02:48:05.704868000Z,1015307.0580074184,215155.43440307037,0.9502920196629995,56233.1161513713
eth,2025-05-05 00:00:00+00:00,590450.0,82508.86222346681,220042314791.4088,229974800732.76968,356906.9004140987,flash,2025-05-06T02:53:21.517631000Z,383859.3036939261,flash,2025-05-06T02:53:21.471455000Z,1738665.1079186825,126558.19328819257,0.9568105465915703,-26952.403279827384
eth,2025-05-06 00:00:00+00:00,586800.0,83166.97431218416,219057496323.70816,229970363778.1188,318115.0755808877,flash,2025-05-07T03:42:01.734267000Z,310537.3493028628,flash,2025-05-07T03:42:01.691230000Z,2002139.7160834607,109411.69318204393,0.9525466356832846,7577.726278024842
eth,2025-05-07 00:00:00+00:00,569398.0,83511.96518897415,219099979149.18185,229938900795.05365,364014.3793731231,flash,2025-05-08T04:26:01.041659000Z,365004.75628840755,flash,2025-05-08T04:26:00.994754000Z,2036869.093474419,107567.03994926295,0.952861731493043,-990.3769152844325
eth,2025-05-08 00:00:00+00:00,576847.0,89946.310719323,264808195185.2241,236214054505.2943,669857.9717557542,flash,2025-05-09T04:56:25.319989000Z,804080.4899497469,flash,2025-05-09T04:56:25.275578000Z,3859863.404199568,68605.5871555222,1.1210518177667912,-134222.51819399267
eth,2025-05-09 00:00:00+00:00,600913.0,91872.9074597344,282820618221.35046,240922644408.86215,744829.0821605342,flash,2025-05-10T03:07:37.553268000Z,904089.0560019056,flash,2025-05-10T03:07:37.511287000Z,4529968.051926171,62433.24786829199,1.1739063337748552,-159259.97384137136
eth,2025-05-10 00:00:00+00:00,500413.0,89270.7757285654,312096306238.86444,247614973512.49316,324323.3216994162,flash,2025-05-11T03:18:50.074722000Z,373128.1391272128,flash,2025-05-11T03:18:50.020854000Z,2209890.2445222875,141227.06184728662,1.2604096667163707,-48804.8174277966
eth,2025-05-11 00:00:00+00:00,493699.0,87087.69222112815,302807565286.0444,249440116411.0122,300579.7153058517,flash,2025-05-12T03:47:54.124286000Z,334335.7641749136,flash,2025-05-12T03:47:54.074971000Z,1935530.882227764,156446.77543843572,1.2139489415050486,-33756.048869061866
eth,2025-05-12 00:00:00+00:00,544829.0,89521.40445007746,301114777011.0884,252130834699.73065,632368.7856259027,flash,2025-05-13T03:23:02.406827000Z,682319.3038061896,flash,2025-05-13T03:23:02.360728000Z,3328259.9835003177,90472.13213626634,1.1942798562091543,-49950.51818028686
eth,2025-05-13 00:00:00+00:00,565467.0,89163.7596005064,323208337086.3536,257762862260.5731,621457.2108835961,flash,2025-05-14T02:44:56.932418000Z,579459.345048541,flash,2025-05-14T02:44:56.889221000Z,3158767.0059708916,102321.04377290433,1.2538979985395318,41997.86583505513
eth,2025-05-14 00:00:00+00:00,598472.0,89362.33572635135,314345526726.08936,259972343536.51904,560079.5976808916,flash,2025-05-15T03:45:18.971485000Z,561256.0998755936,flash,2025-05-15T03:45:18.923596000Z,3173936.0709349327,99039.65287917534,1.2091498751363619,-1176.5021947019268
eth,2025-05-15 00:00:00+00:00,605477.0,89625.2749121574,306818948979.08417,263126888970.3808,604168.0056535242,flash,2025-05-16T04:31:20.764359000Z,1020629.095080432,flash,2025-05-16T04:31:20.714918000Z,3382044.570450246,90719.96024530152,1.1660493922900508,-416461.0894269078
eth,2025-05-16 00:00:00+00:00,584362.0,89325.48551336146,307551749437.1957,265684594497.14597,431455.10256627126,flash,2025-05-17T03:31:07.398452000Z,647539.4135233006,flash,2025-05-17T03:31:07.357685000Z,2745850.040360447,112006.02542621864,1.1575821700136228,-216084.3109570293
eth,2025-05-17 00:00:00+00:00,679394.0,89901.76402131238,298851418896.14374,266475467354.92435,285492.2010025388,flash,2025-05-18T02:36:40.126211000Z,370713.5014158821,flash,2025-05-18T02:36:40.085617000Z,1601854.9960600692,186565.83750164666,1.1214969312657108,-85221.3004133433
eth,2025-05-18 00:00:00+00:00,619263.0,82929.82818641212,297809759488.3066,266935554557.8505,254925.78206136863,flash,2025-05-19T03:25:40.852113000Z,231822.504815506,flash,2025-05-19T03:25:40.808701000Z,1351411.7629622128,220369.3704985412,1.115661643431486,23103.277245862642
eth,2025-05-19 00:00:00+00:00,576938.0,90586.09758494803,305125203119.3962,268379205590.143,533855.9252256217,flash,2025-05-20T01:59:41.863844000Z,731270.2240791686,flash,2025-05-20T01:59:41.819656000Z,3010152.428161265,101365.36617375893,1.1369181991892847,-197414.29885354696
eth,2025-05-20 00:00:00+00:00,618164.0,88638.54774926377,304994275855.1148,268416681872.12247,424674.2106668262,flash,2025-05-21T02:19:57.412345000Z,427647.8500683316,flash,2025-05-21T02:19:57.374759000Z,2616190.3916819906,116579.54131504516,1.136271686721835,-2973.639401505352
eth,2025-05-21 00:00:00+00:00,596745.0,94044.24201680672,308945644743.0667,268810047451.49835,956055.0694250627,flash,2025-05-22T01:19:12.761723000Z,963101.794352844,flash,2025-05-22T01:19:12.714578000Z,3541676.834440549,87231.46102398935,1.1493083970338203,-7046.724927781266
eth,2025-05-22 00:00:00+00:00,548411.0,89384.11061390015,320960346147.52856,270254007161.0045,553650.0899043281,flash,2025-05-23T03:18:17.451794000Z,598642.2696654177,flash,2025-05-23T02:38:25.545208000Z,3485439.2970589534,92086.05251520459,1.1876247442884933,-44992.17976108962
eth,2025-05-23 00:00:00+00:00,565438.0,90626.67804673288,304590573337.2558,268445753527.26175,859861.5551574387,flash,2025-05-24T02:33:58.218594000Z,730946.1131373235,flash,2025-05-24T01:52:32.235728000Z,4152689.509172875,73347.78404801172,1.1346447814318783,128915.44202011521
eth,2025-05-24 00:00:00+00:00,569633.0,86746.36149642707,305540031955.6441,268634741480.6052,136924.28187294176,flash,2025-05-25T03:26:33.236907000Z,135316.88306949133,flash,2025-05-25T02:45:11.629858000Z,1074992.109879568,284225.37165400584,1.1373809294793071,1607.398803450429
eth,2025-05-25 00:00:00+00:00,540764.0,84246.27003923766,307641621671.9446,268947558088.94913,205975.90220531367,flash,2025-05-26T03:09:15.017432000Z,193369.76895050876,flash,2025-05-26T02:27:04.323345000Z,1299107.797059204,236809.92629584263,1.1438721506078822,12606.13325480491
eth,2025-05-26 00:00:00+00:00,545198.0,89382.97421524662,309451575891.27966,269440572487.83453,206986.85207687825,flash,2025-05-27T02:25:44.948322000Z,313708.87520352716,flash,2025-05-27T01:45:04.999744000Z,1721434.6215624833,179763.76913484043,1.148496579538895,-106722.02312664891
eth,2025-05-27 00:00:00+00:00,537019.0,88958.60025150202,321475210150.0192,271528356962.81384,555578.5489558767,flash,2025-05-28T01:33:04.128458000Z,551844.7863796987,flash,2025-05-28T00:50:44.871349000Z,2837205.754918261,113306.97803384402,1.1839470976287227,3733.7625761780655
eth,2025-05-28 00:00:00+00:00,550788.0,89762.54059739166,323376584923.4084,272579156559.12164,346126.7448584112,flash,2025-05-29T03:09:48.199366000Z,413801.2905492589,flash,2025-05-29T02:26:58.516117000Z,2651277.8615890057,121970.08454240147,1.1863584472324424,-67674.54569084768
eth,2025-05-29 00:00:00+00:00,553779.0,91506.66045925512,318098055645.84186,272691485518.7429,591312.8565542294,flash,2025-05-30T02:18:11.453599000Z,544986.2431139572,flash,2025-05-30T01:35:25.146570000Z,3071915.865472953,103550.3801458662,1.1665126068777751,46326.613440272165
eth,2025-05-30 00:00:00+00:00,584081.0,92847.24895163545,305046636254.4476,270935527393.88736,533951.4166911704,flash,2025-05-31T02:39:53.692575000Z,611101.1163122449,flash,2025-05-31T01:57:22.118558000Z,2846709.9774312587,107157.60954676098,1.1259012030968139,-77149.69962107448
eth,2025-05-31 00:00:00+00:00,639715.0,92255.17724350015,305932121458.9312,270598912006.00247,140490.7299866429,flash,2025-06-01T02:23:25.832944000Z,234406.6681079132,flash,2025-06-01T01:41:30.581087000Z,1300695.9362955878,235206.48671374572,1.1305741002097782,-93915.9381212703
eth,2025-06-01 00:00:00+00:00,597460.0,102712.59414811704,306745510765.3465,270606894633.5,216249.009849271,flash,2025-06-02T02:29:14.442506000Z,186629.4061565977,flash,2025-06-02T01:47:29.960664000Z,1203250.3302849338,254930.7513530523,1.1335465461099625,29619.60369267332
eth,2025-06-02 00:00:00+00:00,594300.0,95596.87305372422,315105107947.6225,271855282298.78207,701298.7759944848,flash,2025-06-03T02:10:37.968932000Z,737162.8824688675,flash,2025-06-03T01:28:09.908842000Z,2709725.355049738,116286.73266108129,1.1590913565597256,-35864.10647438269
eth,2025-06-03 00:00:00+00:00,587140.0,88665.21272727272,313502507325.1864,271880772880.64017,530492.0780340089,flash,2025-06-04T02:41:43.086022000Z,708595.4546239725,flash,2025-06-04T02:00:13.989310000Z,3457887.559915404,90663.01373109313,1.153088186426551,-178103.37658996368
eth,2025-06-04 00:00:00+00:00,557098.0,93998.37120044824,315302894134.0396,272142235791.60727,424811.98525896383,flash,2025-06-05T02:21:48.350266000Z,477526.4527047821,flash,2025-06-05T01:41:44.744998000Z,2837204.440546238,111131.53836504476,1.1585959570622568,-52714.46744581824
eth,2025-06-05 00:00:00+00:00,550895.0,91478.77991033904,292514047367.4028,268929391276.74927,660054.458528122,flash,2025-06-06T03:22:17.745328000Z,619037.8567959331,flash,2025-06-06T02:41:23.068954000Z,3442224.4805380837,84978.20203802553,1.0876983210302331,41016.60173218895
eth,2025-06-06 00:00:00+00:00,568753.0,90560.29401063533,299608721674.4958,268955625901.6477,404942.4246640583,flash,2025-06-07T03:27:51.649020000Z,456610.6828309893,flash,2025-06-07T02:47:39.452729000Z,2600388.5517313904,115216.90536401198,1.1139708294633606,-51668.25816693099
eth,2025-06-07 00:00:00+00:00,645229.0,101938.81222951275,305313222213.9365,269032120106.72736,129531.67332534358,flash,2025-06-08T03:21:42.216550000Z,177817.40665142384,flash,2025-06-08T02:40:38.202601000Z,1090639.1060271685,279939.7349010251,1.134857882742091,-48285.733326080255
eth,2025-06-08 00:00:00+00:00,635387.0,91987.59440950384,303201651192.3543,268803342957.63144,395210.7722752808,flash,2025-06-09T03:12:37.547428000Z,137215.54683205293,flash,2025-06-09T02:31:40.051956000Z,1201519.405589044,252348.52619272502,1.127968305216147,257995.22544322786
eth,2025-06-09 00:00:00+00:00,683387.0,98193.92568229533,323401341233.98804,271451001725.75656,434153.77416371566,flash,2025-06-10T02:42:05.964449000Z,379770.6088493584,flash,2025-06-10T02:00:03.755304000Z,2469270.1167217367,130970.41876623184,1.191380172399276,54383.16531435726
eth,2025-06-10 00:00:00+00:00,618005.0,94015.93180547791,339054399236.3769,274130164358.13995,712344.554574334,flash,2025-06-11T02:43:08.623990000Z,773620.2814316872,flash,2025-06-11T02:01:01.743627000Z,4188444.9229517872,80949.94812476366,1.236837252223787,-61275.726857353235
eth,2025-06-11 00:00:00+00:00,613546.0,92138.31366242483,335236655645.9989,274369352466.96347,637055.7539388423,flash,2025-06-12T03:46:02.647561000Z,613582.3061766236,flash,2025-06-12T03:04:58.035418000Z,3527838.9289561985,95026.06621135825,1.221844395635859,23473.44776221877
eth,2025-06-12 00:00:00+00:00,620082.0,93340.57880776211,320547197547.2144,273461624437.0781,522730.4654129018,flash,2025-06-13T02:51:32.580386000Z,564346.0497302813,flash,2025-06-13T02:08:51.817602000Z,3379995.258979232,94836.58200278676,1.1721834762265535,-41615.58431737957
eth,2025-06-13 00:00:00+00:00,567310.0,93379.96994688286,311501324278.6211,272121198793.0938,595913.4871696177,flash,2025-06-14T03:34:13.838932000Z,741434.2287471306,flash,2025-06-14T02:54:34.827386000Z,3690288.853907079,84411.0953398188,1.1447153902753082,-145520.74157751293
eth,2025-06-14 00:00:00+00:00,648830.0,85722.79955301019,306078726386.3553,271915011980.11856,135387.1287755115,flash,2025-06-15T03:32:31.967371000Z,130482.32051669629,flash,2025-06-15T02:52:59.111862000Z,1026145.279458614,298280.10956483666,1.1256411485245053,4904.808258815203
eth,2025-06-15 00:00:00+00:00,597463.0,83229.08632286995,307716353475.6839,272375266226.73605,134286.90646580842,flash,2025-06-16T02:04:34.915849000Z,140937.985003599,flash,2025-06-16T01:23:44.079399000Z,913080.4368209069,337009.0312602326,1.1297514555507713,-6651.07853779057
eth,2025-06-16 00:00:00+00:00,568812.0,95297.52596221132,309949836540.5836,272831539708.88263,425690.0538258714,flash,2025-06-17T02:54:55.061770000Z,489553.0962664253,flash,2025-06-17T02:13:38.053707000Z,2521466.155433965,122924.44848907311,1.1360484087408187,-63863.042440553894
eth,2025-06-17 00:00:00+00:00,611053.0,94128.72447121443,303718046989.70154,272035188958.43085,447863.18739634566,flash,2025-06-18T02:41:08.236470000Z,411326.9867558668,flash,2025-06-18T02:00:54.362780000Z,2465175.334275519,123203.4260471619,1.1164660283567656,36536.20064047887
eth,2025-06-18 00:00:00+00:00,591960.0,94211.02055081786,304824070958.46326,271745887312.81784,594343.2735579738,flash,2025-06-19T02:22:28.442435000Z,344056.10566706874,flash,2025-06-19T01:41:14.683735000Z,2165706.1119895466,140750.43205120464,1.1217246890937038,250287.16789090505
eth,2025-06-19 00:00:00+00:00,547969.0,97295.2001396648,304896048951.95465,271174987902.43167,283630.2026291856,flash,2025-06-20T02:32:35.686650000Z,288451.07815108023,flash,2025-06-20T01:52:38.399763000Z,1836175.367776499,166049.525716689,1.1243516642532525,-4820.875521894661
eth,2025-06-20 00:00:00+00:00,558520.0,101076.82906700236,290416093063.0192,269102704105.5667,503874.88472488546,flash,2025-06-21T02:23:40.349159000Z,659296.6738197835,flash,2025-06-21T01:43:54.625117000Z,3438090.8579150904,84470.16238515927,1.0792016900324102,-155421.78909489803
eth,2025-06-21 00:00:00+00:00,593152.0,86471.20925356445,273849578471.5447,266304533819.88083,198849.95381454163,flash,2025-06-22T03:01:00.118858000Z,282998.86432683794,flash,2025-06-22T02:19:48.358160000Z,1517018.4236907144,180518.29443528,1.0283323927814427,-84148.91051229631
eth,2025-06-22 00:00:00+00:00,501348.0,89128.58482642777,269179370125.63007,263726684039.56592,372258.4129752329,flash,2025-06-23T02:24:28.468984000Z,517618.27360235696,flash,2025-06-23T01:43:51.982657000Z,2357858.185682917,114162.66328488558,1.0206755190735501,-145359.8606271241
eth,2025-06-23 00:00:00+00:00,529187.0,92943.06853146851,292642074168.97095,265018044506.42392,450348.5113835824,flash,2025-06-24T02:24:03.246400000Z,510743.29517205857,flash,2025-06-24T01:43:32.234928000Z,2713786.0658798814,107835.35144804741,1.1042345237811815,-60394.7837884762
eth,2025-06-24 00:00:00+00:00,631045.0,96962.31975446429,295271718993.3992,264826704849.90396,609562.430253315,flash,2025-06-25T01:32:03.959650000Z,586939.9954978982,flash,2025-06-25T01:32:04.358940000Z,2731791.9884565487,108087.18974252007,1.1149620245463936,22622.43475541682
eth,2025-06-25 00:00:00+00:00,728650.0,101339.87547117128,292233583683.512,264326484958.1618,373864.6174524433,flash,2025-06-26T02:29:23.003828000Z,387944.5030432664,flash,2025-06-26T02:29:23.394999000Z,2248031.2512480924,129995.33859739086,1.1055781403432479,-14079.885590823134
eth,2025-06-26 00:00:00+00:00,633814.0,97596.06060606061,291909347649.57056,263840692653.89972,610191.5459290495,flash,2025-06-27T02:29:37.360273000Z,315261.8114060424,flash,2025-06-27T02:29:37.759554000Z,2223509.098952767,131283.18107043262,1.1063848594139747,294929.73452300706
eth,2025-06-27 00:00:00+00:00,595755.0,94283.64150943395,292735205406.558,263879177881.7816,324515.6382734475,flash,2025-06-28T02:10:41.084679000Z,330472.49104692513,flash,2025-06-28T02:10:41.482432000Z,1817938.6220667255,161025.90145412151,1.1093531810899606,-5956.852773477614
eth,2025-06-28 00:00:00+00:00,646608.0,94430.3270492948,294697148139.543,263762892376.6236,172741.97674787915,flash,2025-06-29T02:01:12.380661000Z,174652.0765110876,flash,2025-06-29T02:01:12.701607000Z,976527.5452535372,301780.68153011537,1.1172805449780585,-1910.0997632084473
eth,2025-06-29 00:00:00+00:00,630826.0,81801.80756302521,302560630256.9602,264736192617.0678,135962.54082471767,flash,2025-06-30T03:41:52.730521000Z,151283.79192728663,flash,2025-06-30T03:41:53.113695000Z,1020163.5573254288,296580.5120996342,1.142875959897951,-15321.25110256896
eth,2025-06-30 00:00:00+00:00,571982.0,94967.78581401843,300842902570.96735,265485138905.79333,402059.2876668252,flash,2025-07-01T02:30:56.084405000Z,410941.790495548,flash,2025-07-01T02:30:57.941082000Z,2202243.116310772,136607.48912905835,1.1331817058043336,-8882.502828722761
eth,2025-07-01 00:00:00+00:00,562902.0,97427.63706293705,290180970290.13214,265507659631.4923,512978.3140159439,flash,2025-07-02T03:22:05.249480000Z,270049.52502384037,flash,2025-07-02T03:24:45.484030000Z,2258897.489064468,128461.32757016424,1.0929288092587792,242928.78899210354
eth,2025-07-02 00:00:00+00:00,591077.0,95265.90190050307,311854385606.135,268004543755.5812,417135.1807726041,flash,2025-07-03T02:15:54.791126000Z,428548.5732785701,flash,2025-07-03T02:16:58.483064000Z,2260193.6093119318,137976.84601943128,1.1636160388778507,-11413.39250596601
eth,2025-07-03 00:00:00+00:00,603372.0,97111.00992729305,313113429406.94727,269009562416.90417,408970.23595143855,flash,2025-07-04T03:22:12.494813000Z,405068.3233716466,flash,2025-07-04T03:23:18.098748000Z,2190846.7939783414,142918.90709453356,1.1639490678093147,3901.9125797919696
eth,2025-07-04 00:00:00+00:00,641639.0,96830.55498185875,303421362691.91846,268744766307.1764,175934.57639632953,flash,2025-07-05T03:02:19.128774000Z,222533.0578243735,flash,2025-07-05T03:03:27.164207000Z,1691130.0963250613,179419.2908938664,1.129031708640259,-46598.481428043975
eth,2025-07-05 00:00:00+00:00,624984.0,87885.20931859521,304439906092.9139,269270866093.35507,125302.04488809212,flash,2025-07-06T02:55:47.360519000Z,89859.19332389417,flash,2025-07-06T02:56:48.073298000Z,824972.9594173412,369030.16349521634,1.1306084111875878,35442.85156419795
eth,2025-07-06 00:00:00+00:00,605772.0,89174.46770134228,310647053068.45953,270035963048.9325,104036.5609456228,flash,2025-07-07T02:10:01.811413000Z,112033.66611223837,flash,2025-07-07T02:10:58.862534000Z,771220.7862986963,402799.1187314095,1.1503914129103168,-7997.105166615569
eth,2025-07-07 00:00:00+00:00,605963.0,90971.73215034232,307393016260.366,270363954703.4019,480541.67882693466,flash,2025-07-08T02:37:00.540511000Z,476615.74855876405,flash,2025-07-08T02:38:13.355296000Z,2620481.11450389,117304.03801004372,1.1369600529685484,3925.930268170603
eth,2025-07-08 00:00:00+00:00,610652.0,94215.67006565162,316182143646.93555,271764350240.5381,444800.53351026634,flash,2025-07-09T02:50:51.501387000Z,399796.9087529669,flash,2025-07-09T02:51:58.780013000Z,2176905.0462086224,145243.88383297194,1.1634423108368825,45003.62475729943
eth,2025-07-09 00:00:00+00:00,588717.0,95076.07586786113,335580027671.0843,274486443799.20877,530142.8253886354,flash,2025-07-10T03:06:35.934065000Z,576215.0169351997,flash,2025-07-10T03:07:43.186759000Z,3635339.93640836,92310.49462808431,1.2225741389129092,-46072.19154656434
eth,2025-07-10 00:00:00+00:00,599545.0,94974.59036985344,356694159142.5133,279255882664.22174,719181.1863234665,flash,2025-07-11T02:38:26.937476000Z,762423.2896998818,flash,2025-07-11T02:39:36.422016000Z,4500059.902826091,79264.31355247185,1.2773022209577,-43242.103376415325
eth,2025-07-11 00:00:00+00:00,605839.0,97082.86179885297,357692989252.01215,281565871020.97906,1030328.0379034602,flash,2025-07-12T03:25:52.098590000Z,1075067.864554606,flash,2025-07-12T03:26:56.118740000Z,4780507.370202418,74823.22723348642,1.270370545815764,-44739.826651145704
eth,2025-07-12 00:00:00+00:00,659420.0,91949.66927265112,355494502806.43207,282794228687.17017,178845.572059571,flash,2025-07-13T02:23:38.455732000Z,266525.5163615604,flash,2025-07-13T02:24:39.387604000Z,1379084.2418841159,257775.77033347337,1.2570783514810824,-87679.9443019894
eth,2025-07-13 00:00:00+00:00,635664.0,92486.3581901969,359037667464.4973,284819272555.0228,223720.3099053093,flash,2025-07-14T03:55:37.307012000Z,206127.81714397352,flash,2025-07-14T03:56:38.267279000Z,1186954.840277633,302486.3754551244,1.2605806631120322,17592.492761335772
eth,2025-07-14 00:00:00+00:00,562169.0,95477.97724734784,364139739200.352,287718511599.2916,777643.4479688723,flash,2025-07-15T03:14:50.923710000Z,746981.0297940106,flash,2025-07-15T03:15:56.203037000Z,3630265.539989405,100306.6401587292,1.2656110904240077,30662.418174861697
eth,2025-07-15 00:00:00+00:00,571938.0,94511.34523643466,378786424327.26245,291735555029.23267,661889.7227072509,flash,2025-07-16T02:24:43.033517000Z,820982.5693190576,flash,2025-07-16T02:25:48.395063000Z,3438752.308453156,110152.28500061722,1.2983896470531577,-159092.84661180677
eth,2025-07-16 00:00:00+00:00,597741.0,93624.14193998605,407018065674.85785,298236478142.84625,980986.7443599369,flash,2025-07-17T03:05:20.988134000Z,1013956.6731393368,flash,2025-07-17T02:47:03.499670000Z,4696545.82999601,86663.27986736661,1.364749437122539,-32969.92877939984
eth,2025-07-17 00:00:00+00:00,624057.0,92341.62085308057,421906857995.1658,303718292982.80334,1116740.8924520111,flash,2025-07-18T01:56:50.213331000Z,1134602.8914371114,flash,2025-07-18T01:37:49.226587000Z,4802857.215930329,87844.97207115933,1.3891387767646064,-17861.998985100305
eth,2025-07-18 00:00:00+00:00,648715.0,95951.46192468621,428315726635.85693,308609880762.60425,1318806.8372891988,flash,2025-07-19T03:06:29.292932000Z,1424370.85184539,flash,2025-07-19T02:48:07.987050000Z,6476934.060079457,66129.39434967823,1.3878872756032574,-105564.01455619116
eth,2025-07-19 00:00:00+00:00,630980.0,92800.32764409624,434343168642.62994,311929041786.1477,303639.6574606078,flash,2025-07-20T04:25:23.513967000Z,294308.5657467875,flash,2025-07-20T04:06:39.599894000Z,1643382.0404969524,264298.35421061696,1.392442223896571,9331.091713820293
eth,2025-07-20 00:00:00+00:00,595222.0,95692.2607906132,454056117479.61456,317131458759.9605,377567.60713543737,flash,2025-07-21T03:49:29.986580000Z,334087.51557142154,flash,2025-07-21T03:30:42.689019000Z,2492397.4755983087,182176.44734639156,1.431759937204128,43480.091564015835
eth,2025-07-21 00:00:00+00:00,657686.0,109549.41877357171,455375520980.689,321534877547.9209,927724.7244993178,flash,2025-07-22T03:38:36.827495000Z,933112.9394945616,flash,2025-07-22T03:19:31.493408000Z,4593536.763443573,99133.96679540536,1.416255444676669,-5388.214995243819
eth,2025-07-22 00:00:00+00:00,676888.0,115527.2743808591,452966015411.6269,324876313750.32715,758160.0843610278,flash,2025-07-23T06:32:03.750208000Z,807484.1439417247,flash,2025-07-23T06:12:55.801083000Z,3940658.35868134,114946.78659816697,1.3942722083449235,-49324.05958069686
eth,2025-07-23 00:00:00+00:00,646492.0,114600.07199776317,438905928007.9981,326374772290.913,994346.6250754641,flash,2025-07-24T07:42:40.341169000Z,955808.616682824,flash,2025-07-24T07:19:59.754694000Z,4261723.953136916,102987.88303379757,1.344791219392352,38538.00839264016
eth,2025-07-24 00:00:00+00:00,666804.0,117208.64717403468,448584094510.7773,329853173515.0216,745627.0298258736,flash,2025-07-25T05:01:25.973659000Z,879842.3140480604,flash,2025-07-25T04:42:52.661943000Z,4311101.012409355,104053.25535624045,1.3599508221507186,-134215.2842221869
eth,2025-07-25 00:00:00+00:00,699650.0,115247.95870660694,450171802832.1844,333259199107.4986,788567.957615329,flash,2025-07-26T05:00:17.134075000Z,1073207.223319568,flash,2025-07-26T04:42:01.453620000Z,4978960.245181151,90414.82170255925,1.3508158335547509,-284639.265704239
eth,2025-07-26 00:00:00+00:00,747490.0,108411.33896412115,452696903330.7084,334879356637.6905,257265.3605445852,flash,2025-07-27T03:32:01.376499000Z,244109.25323966768,flash,2025-07-27T03:13:09.984356000Z,1408661.0179681957,321366.8139859956,1.3518208702857906,13156.107304917503
eth,2025-07-27 00:00:00+00:00,723786.0,118342.42237411076,467236283546.8536,337264197762.5891,207592.5308126468,flash,2025-07-28T03:52:00.231312000Z,253499.15133918417,flash,2025-07-28T03:33:24.173452000Z,2017735.9026808,231564.6378329667,1.3853717253313556,-45906.62052653739
eth,2025-07-28 00:00:00+00:00,661817.0,116684.62246468036,458466391627.1705,338375570711.1761,761290.515458706,flash,2025-07-29T04:19:18.004942000Z,763498.9757092504,flash,2025-07-29T04:02:03.153825000Z,3547404.4645058666,129239.9545116523,1.3549039331166703,-2208.460250544478
eth,2025-07-29 00:00:00+00:00,742843.0,111272.46259264438,458471635348.24005,339790919152.83545,500317.184212522,flash,2025-07-30T02:32:06.019332000Z,521238.25189102173,flash,2025-07-30T02:32:06.011900000Z,2693276.2444236088,170228.22530644573,1.349275714875779,-20921.067678499734
eth,2025-07-30 00:00:00+00:00,937809.0,99914.27162048698,459688135624.79785,341028424546.3148,596345.0183516786,flash,2025-07-31T04:21:09.215970000Z,622799.7585074195,flash,2025-07-31T04:21:09.207914000Z,2911232.757767484,157901.53995701653,1.3479466887147056,-26454.740155740874
